Model Variant,Evaluation Scenario,Macro F1,Macro AUROC,Macro AUPRC
Proposed LAC-SSM (Full),Complete 12 Leads,0.4393,0.7673,0.456
Proposed LAC-SSM (Full),Limb Leads Only (6),0.4486,0.7578,0.4393
Proposed LAC-SSM (Full),Einthoven 3 Leads,0.4449,0.7555,0.4398
w/o Lead Embeddings,Complete 12 Leads,0.4385,0.7664,0.454
w/o Lead Embeddings,Limb Leads Only (6),0.4426,0.7538,0.4322
w/o Lead Embeddings,Einthoven 3 Leads,0.4396,0.7531,0.4346
w/o Dynamic Lead Masking,Complete 12 Leads,0.3755,0.7446,0.3959
w/o Dynamic Lead Masking,Limb Leads Only (6),0.3755,0.7446,0.3959
w/o Dynamic Lead Masking,Einthoven 3 Leads,0.3755,0.7446,0.3959
w/o State-Space Core (CNN-Only),Complete 12 Leads,0.183,0.5308,0.2299
w/o State-Space Core (CNN-Only),Limb Leads Only (6),0.1812,0.5372,0.2333
w/o State-Space Core (CNN-Only),Einthoven 3 Leads,0.1848,0.5322,0.2311
w/o Stochastic Lead Dropout,Complete 12 Leads,0.4393,0.7673,0.456
w/o Stochastic Lead Dropout,Limb Leads Only (6),0.4486,0.7578,0.4393
w/o Stochastic Lead Dropout,Einthoven 3 Leads,0.4449,0.7555,0.4398
