Model,Macro F1,Micro F1,Macro AUROC,Micro AUROC,Hamming Loss,Accuracy (%)
Logistic Regression,0.8965,0.9115,0.953,0.961,0.078,92.2
Random Forest,0.9015,0.9165,0.9575,0.965,0.073,92.7
Extra Trees,0.904,0.919,0.96,0.9675,0.0705,92.95
LightGBM,0.911,0.926,0.966,0.973,0.064,93.6
XGBoost,0.9145,0.929,0.9685,0.9755,0.061,93.9
Calibrated SVM,0.894,0.909,0.95,0.958,0.0805,91.95
K-Nearest Neighbors,0.8895,0.9045,0.946,0.954,0.085,91.5
Multi-Layer Perceptron,0.9075,0.922,0.963,0.9705,0.0675,93.25
Stacking Ensemble,0.918,0.932,0.971,0.9775,0.058,94.2
ResNet-1D,0.9142,0.928,0.968,0.975,0.0615,93.85
BiLSTM Attention,0.899,0.9135,0.954,0.962,0.077,92.3
CNN-LSTM Hybrid,0.887,0.902,0.943,0.9515,0.088,91.2
1D Transformer,0.895,0.91,0.9505,0.9585,0.0805,91.95
InceptionTime-1D,0.9068,0.921,0.961,0.9685,0.069,93.1
DenseNet-1D,0.8912,0.906,0.947,0.955,0.084,91.6
BiGRU Attention,0.9025,0.917,0.9575,0.965,0.0735,92.65
Temporal ConvNet (TCN),0.9115,0.9255,0.9655,0.9725,0.0648,93.52
VGG16-1D (Class-Weighted),0.908,0.9225,0.9625,0.97,0.0675,93.25
Proposed LAC-SSM,0.9339,0.9482,0.9821,0.9885,0.0418,95.82
