Model,Macro F1,Micro F1,Macro AUROC,Micro AUROC,Macro AUPRC,Hamming Loss,Accuracy (%),Subset Acc (%),Parameters
ResNet-1D,0.9142,0.928,0.968,0.975,0.942,0.0615,93.85,80.5,"479,945"
BiLSTM Attention,0.899,0.9135,0.954,0.962,0.922,0.077,92.3,76.2,"180,394"
CNN-LSTM Hybrid,0.887,0.902,0.943,0.9515,0.9065,0.088,91.2,72.8,"73,385"
1D Transformer,0.895,0.91,0.9505,0.9585,0.9175,0.0805,91.95,75.1,"72,969"
InceptionTime-1D,0.9068,0.921,0.961,0.9685,0.9325,0.069,93.1,78.9,"61,913"
DenseNet-1D,0.8912,0.906,0.947,0.955,0.912,0.084,91.6,73.6,"15,321"
BiGRU Attention,0.9025,0.917,0.9575,0.965,0.927,0.0735,92.65,77.4,"138,922"
Temporal Convolutional Network,0.9115,0.9255,0.9655,0.9725,0.939,0.0648,93.52,79.8,"210,473"
Proposed LAC-SSM (12-Lead),0.9339,0.9482,0.9821,0.9885,0.9658,0.0418,95.82,85.14,"72,457"
