Model,Macro F1,Micro F1,Macro AUROC,Micro AUROC,Macro AUPRC,Hamming Loss,Accuracy (%),Subset Acc (%)
Logistic Regression,0.5242,0.7594,0.864,0.9364,0.6071,0.0948,90.52,45.14
Random Forest,0.5165,0.7667,0.8692,0.9345,0.6358,0.0895,91.05,46.48
Extra Trees,0.5322,0.7686,0.8667,0.9305,0.6297,0.0923,90.77,45.9
LightGBM,0.5315,0.767,0.8714,0.9434,0.6363,0.0897,91.03,45.52
XGBoost,0.5382,0.7758,0.8757,0.9443,0.6456,0.0872,91.28,47.62
Calibrated SVM,0.4685,0.725,0.8043,0.9062,0.5586,0.0997,90.03,41.52
K-Nearest Neighbors,0.4667,0.7155,0.8079,0.9082,0.5741,0.1043,89.57,41.52
Multi-Layer Perceptron,0.5347,0.7656,0.8563,0.9377,0.6316,0.0889,91.11,46.48
Stacking Ensemble,0.5627,0.7807,0.8792,0.9425,0.6468,0.0836,91.64,48.38
