Model,Class,F1,AUROC,AUPRC,Support
Logistic Regression,SR,0.8968,0.8054,0.9221,414
Logistic Regression,AF,0.1622,0.8155,0.2691,32
Logistic Regression,IAVB,0.16,0.7438,0.2673,43
Logistic Regression,LBBB,0.6893,0.9069,0.7428,104
Logistic Regression,RBBB,0.4945,0.8349,0.5586,104
Logistic Regression,PAC,0.7132,0.9694,0.8551,70
Logistic Regression,PVC,0.8073,0.9765,0.8589,56
Logistic Regression,STD,0.8197,0.9747,0.8645,93
Logistic Regression,STE,0.1176,0.7215,0.1957,43
Random Forest,SR,0.9135,0.8947,0.9637,414
Random Forest,AF,0.3214,0.8006,0.2602,32
Random Forest,IAVB,0.1724,0.7235,0.23,43
Random Forest,LBBB,0.7,0.9301,0.7802,104
Random Forest,RBBB,0.6154,0.8961,0.7119,104
Random Forest,PAC,0.782,0.974,0.8691,70
Random Forest,PVC,0.7706,0.9709,0.8416,56
Random Forest,STD,0.86,0.9817,0.9122,93
Random Forest,STE,0.1176,0.7449,0.2356,43
LightGBM,SR,0.9253,0.8967,0.9623,414
LightGBM,AF,0.0,0.8383,0.2453,32
LightGBM,IAVB,0.1277,0.7176,0.2301,43
LightGBM,LBBB,0.7188,0.939,0.8319,104
LightGBM,RBBB,0.5542,0.8967,0.704,104
LightGBM,PAC,0.7874,0.9777,0.8924,70
LightGBM,PVC,0.7885,0.9671,0.8463,56
LightGBM,STD,0.829,0.9825,0.9204,93
LightGBM,STE,0.0,0.7066,0.2043,43
XGBoost,SR,0.9236,0.8964,0.9634,414
XGBoost,AF,0.1176,0.862,0.3493,32
XGBoost,IAVB,0.087,0.7035,0.2464,43
XGBoost,LBBB,0.6869,0.9311,0.8028,104
XGBoost,RBBB,0.5977,0.8943,0.7246,104
XGBoost,PAC,0.72,0.9762,0.8758,70
XGBoost,PVC,0.8155,0.9739,0.8674,56
XGBoost,STD,0.8557,0.9833,0.9178,93
XGBoost,STE,0.087,0.7316,0.261,43
