Epoch,Train Loss,Val Loss,Val Macro AUROC,Val Macro F1,Learning Rate
1,0.5078,0.4661,0.6943,0.2663,0.0008
2,0.4466,0.3431,0.7145,0.4126,0.0007806673239365858
3,0.7701,0.2989,0.7378,0.4234,0.0007245617127781043
4,0.6303,0.2014,0.7471,0.4513,0.0006371751746555269
5,0.5809,0.1883,0.75,0.4015,0.0005270617127781042
6,0.616,0.1609,0.762,0.4548,0.000405
7,0.7361,0.1487,0.7642,0.4651,0.0002829382872218958
8,0.7394,0.1531,0.7616,0.4548,0.00017282482534447313
9,0.5021,0.1358,0.7676,0.4615,8.54382872218958e-05
10,0.5468,0.1354,0.7663,0.4667,2.9332676063414354e-05
